{"ABW":[-70.06611328125,12.422998046874994,-69.895703125,12.614111328124991],"ATG":[-61.88710937499999,16.99716796874999,-61.68603515625,17.7140625],"AFG":[60.485742187499994,29.391943359375,74.89130859375001,38.456396484375],"AGO":[11.743066406250023,-18.01972656249997,24.046679687500017,-4.428906250000011],"AIA":[-63.16000976562499,18.17138671875,-62.97958984374999,18.269726562499997],"ALB":[19.280664062500023,39.653515625,21.031054687500017,42.64794921875],"ALA":[19.51904296875,60.01166992187498,20.611328125000057,60.40581054687499],"AND":[1.414843750000017,42.434472656249994,1.740234374999972,42.642724609374994],"ARE":[51.56835937499997,22.621484374999966,56.387988281250074,26.068164062500045],"ARG":[-73.57626953125003,-55.03212890625002,-53.66855468749998,-21.802539062500003],"ARM":[43.43945312499997,38.869042968749966,46.58476562500002,41.290966796875],"ASM":[-170.8205078125,-14.359765625,-170.568115234375,-14.257421875],"ATA":[-180,-89.99892578124998,180,-60.520898437500016],"AUS":[112.90820312499997,-54.74921875000003,158.95888671875,-10.0517578125],"ATF":[51.659277343750006,-49.70986328125002,70.55546875000002,-46.32685546875004],"AUT":[9.524023437500006,46.399707031249996,17.147363281250023,49.001123046874994],"AZE":[44.7682617187501,38.39873046874999,50.36591796875004,41.890966796875],"BEL":[2.524902343750057,49.51088867187505,6.364453125000068,51.491113281249966],"BDI":[29.01416015625,-4.455859375000031,30.811425781249994,-2.31298828125],"BEN":[0.763378906250011,6.216796875,3.83447265625,12.383837890624989],"BFA":[-5.523535156249977,9.424707031249994,2.38916015625,15.077880859375],"BGD":[88.02343749999997,20.790429687499966,92.63164062500002,26.571533203125],"BGR":[22.344042968750017,41.243554687499994,28.585351562500023,44.23779296875],"BIH":[15.736621093750017,42.559716796874994,19.583789062500017,45.2765625],"BHR":[50.45244140625002,25.806787109374994,50.61748046875002,26.246435546875],"BHS":[-78.98564453125002,20.937402343749966,-72.74726562499998,26.94008789062505],"BLM":[-62.875439453125,17.875195312499997,-62.799707031249994,17.92226562499999],"BLR":[23.175097656250017,51.265039062499994,32.71025390625002,56.145800781249996],"BLZ":[-89.2375,15.888671875,-87.78862304687502,18.482324218750023],"BMU":[-64.86284179687499,32.259619140625,-64.66831054687499,32.3869140625],"BOL":[-69.645703125,-22.891699218749977,-57.49565429687499,-9.710449218750014],"BRA":[-74.00205078125,-33.7421875,-34.80546874999993,5.257958984374994],"BRB":[-59.6466796875,13.062207031249997,-59.427636718749994,13.317675781250003],"BRN":[114.06386718750005,4.023974609375031,115.32675781250012,5.022363281250037],"BTN":[88.73876953125,26.7015625,92.08339843750002,28.311181640624994],"BWA":[19.977343750000017,-26.85419921875001,29.36484375,-17.78759765625],"CAF":[14.43115234375,2.270068359374989,27.4033203125,10.996240234374994],"CAN":[-141.0021484375,41.67485351562496,-52.65366210937498,83.11611328125],"CCK":[96.82587890625004,-12.199804687500006,96.92529296874997,-12.126171875000026],"CHE":[5.970019531250017,45.830029296875,10.45458984375,47.775634765625],"CHL":[-109.43413085937497,-55.89169921874999,-66.43579101562497,-17.50605468750001],"CHN":[73.60732421875,18.21826171874997,134.75234375,53.55561523437501],"CIV":[-8.603564453124989,4.351318359375,-2.505859375,10.724072265624997],"CMR":[8.5328125,1.676220703124997,16.183398437500017,13.07851562499999],"COD":[12.213671875000017,-13.453808593750011,31.274023437500006,5.31210937499999],"COG":[11.130175781250017,-5.004296875,18.622167968750006,3.687304687499989],"COK":[-159.84248046875,-21.24951171875,-159.736865234375,-21.18642578125001],"COL":[-79.02543945312496,-4.2359375,-66.87602539062496,12.434375],"COM":[43.22666015625006,-12.368261718749963,44.526757812499994,-11.368457031250017],"CPV":[-25.341552734374943,14.818212890624977,-22.68188476562497,17.193652343750045],"CRI":[-85.90800781249999,8.070654296874991,-82.56357421875,11.189453125],"CUB":[-84.88720703125,19.85546875,-74.13681640625,23.19042968749997],"CUW":[-69.15888671875,12.045458984374989,-68.75107421874999,12.380273437499994],"CXR":[105.58408203125003,-10.564160156250011,105.72539062499999,-10.4306640625],"CYM":[-81.419091796875,19.271875,-79.74228515624998,19.765722656250006],"CYP":[32.30097656250001,34.569580078125,34.55605468750002,35.662060546875],"CZE":[12.089746093749994,48.576220703124996,18.83222656250001,51.03779296874998],"DEU":[5.857519531249977,47.27880859375,15.0166015625,55.058740234374994],"DJI":[41.7646484375,10.94101562499999,43.409765625,12.708593749999977],"DMA":[-61.48115234375,15.227294921875,-61.25107421874999,15.633105468750003],"DNK":[8.12148437500008,54.62885742187498,15.13710937500008,57.736914062500006],"DOM":[-72.000390625,17.63559570312499,-68.33916015624999,19.913964843749994],"DZA":[-8.683349609375,18.986621093750003,11.967871093750006,37.0923828125],"ECU":[-91.65415039062498,-4.990625,-75.24960937499999,1.45537109374996],"EGY":[24.703222656250006,21.994873046875,36.87138671875002,31.654980468749997],"GBR":[-8.144824218749989,50.02138671875005,1.746582031250028,60.831884765625006],"ERI":[36.4267578125,12.3765625,43.11669921874997,18.005078124999983],"ESP":[-18.16054687499999,27.64638671875005,4.322070312500074,43.764550781249966],"EST":[21.8544921875,57.52548828125,28.151074218749983,59.639013671875006],"ETH":[32.99892578125002,3.456103515624989,47.97822265625001,14.852294921875],"FIN":[20.622167968750034,59.816015625,31.53652343750005,70.06484375000002],"FJI":[-180,-21.705859374999974,180,-12.47695312499998],"FLK":[-61.14501953125,-52.30800781249998,-57.79179687499996,-51.26992187499997],"FRO":[-7.422607421874972,61.414306640625,-6.406054687499989,62.35566406250004],"FSM":[138.0619140625,5.277246093750009,162.99345703125002,9.593310546875003],"FRA":[-4.7625,41.38491210937505,9.556445312500017,51.09711914062498],"GAB":[8.703125,-3.916308593750003,14.480566406250006,2.302197265624997],"PSE":[34.19814453125002,31.208300781249996,35.57207031250002,32.534423828125],"GEO":[39.97832031250002,41.070214843749994,46.67255859375001,43.569775390625],"GGY":[-2.646142578124994,49.4287109375,-2.512304687499977,49.506591796875],"GHA":[-3.243896484375,4.762451171875,1.187207031250011,11.166894531249994],"GIN":[-15.051220703124983,7.215917968749991,-7.681201171874989,12.673925781249991],"GLP":[-61.794091796874994,15.886035156250017,-61.17260742187503,16.506640625000045],"GMB":[-16.824804687499977,13.064160156249997,-13.826708984374989,13.81210937499999],"GNB":[-16.711816406249994,10.94013671875004,-13.673535156249983,12.679931640625],"GNQ":[8.43427734375004,0.960107421874966,11.335351562500023,3.75830078125],"GRC":[19.64648437500003,34.934472656249966,28.231835937500023,41.743798828124994],"GRD":[-61.782177734375,12.008447265624994,-61.60703125,12.237011718749997],"GRL":[-72.81806640624993,59.815478515625074,-11.425537109374943,83.599609375],"GTM":[-92.23515624999999,13.736523437499997,-88.22832031249999,17.81640625],"GUF":[-54.61625976562499,2.121044921874997,-51.65253906249998,5.7822265625],"GUM":[144.64931640625002,13.257519531249997,144.94082031250002,13.622363281250003],"GUY":[-61.3908203125,1.201220703124989,-56.4828125,8.54931640625],"HKG":[113.83886718750003,22.195166015624977,114.33525390625007,22.56499023437499],"HMD":[73.25117187500001,-53.1845703125,73.83779296875002,-52.96630859375],"HND":[-89.36259765624999,12.979248046875,-83.15751953124999,16.513964843750045],"HRV":[13.517187500000034,42.432910156249996,19.400976562500006,46.534619140625],"HTI":[-74.478125,18.039160156249977,-71.64531250000002,20.093652343750023],"HUN":[16.093066406250017,45.75302734375,22.87666015625001,48.553466796875],"IDN":[95.20664062500012,-10.909667968749986,140.97617187500006,5.907031249999974],"IMN":[-4.785351562499983,54.05869140625,-4.337988281249977,54.407177734375],"IND":[68.1650390625,6.748681640625023,97.34355468750002,35.495898437499996],"IOT":[72.34970703125,-7.435351562500003,72.49853515625,-7.220410156250011],